epoch,time,train/box_loss,train/cls_loss,train/dfl_loss,metrics/precision(B),metrics/recall(B),metrics/mAP50(B),metrics/mAP50-95(B),val/box_loss,val/cls_loss,val/dfl_loss,lr/pg0,lr/pg1,lr/pg2
1,521.676,1.3317,4.32168,1.55821,0,0,0,0,0,0,0,9.72097e-05,9.72097e-05,9.72097e-05
2,1041.36,1.27228,3.72337,1.50416,0,0,0,0,0,0,0,0.000188768,0.000188768,0.000188768
3,1573.78,1.33255,3.35001,1.52103,0,0,0,0,0,0,0,0.000273858,0.000273858,0.000273858
4,2025.09,1.32768,3.10875,1.51712,0,0,0,0,0,0,0,0.000264894,0.000264894,0.000264894
5,2462.99,1.30265,2.9627,1.49994,0,0,0,0,0,0,0,0.000255192,0.000255192,0.000255192
6,2942.05,1.28719,2.80137,1.47903,0,0,0,0,0,0,0,0.00024549,0.00024549,0.00024549
7,3715.07,1.27001,2.72564,1.47235,0,0,0,0,0,0,0,0.000235788,0.000235788,0.000235788
8,4138.21,1.25368,2.66163,1.45965,0,0,0,0,0,0,0,0.000226086,0.000226086,0.000226086
9,4819.49,1.25913,2.56647,1.45144,0,0,0,0,0,0,0,0.000216384,0.000216384,0.000216384
10,5241.47,1.2531,2.49419,1.44052,0,0,0,0,0,0,0,0.000206682,0.000206682,0.000206682
11,5670.54,1.23924,2.43403,1.42812,0,0,0,0,0,0,0,0.00019698,0.00019698,0.00019698
12,6095.75,1.227,2.35528,1.41639,0,0,0,0,0,0,0,0.000187278,0.000187278,0.000187278
13,6521.46,1.21659,2.29224,1.42011,0,0,0,0,0,0,0,0.000177576,0.000177576,0.000177576
14,6947.62,1.1852,2.21168,1.38504,0,0,0,0,0,0,0,0.000167874,0.000167874,0.000167874
15,7372.14,1.19993,2.21889,1.3853,0,0,0,0,0,0,0,0.000158172,0.000158172,0.000158172
16,7795.89,1.19564,2.16317,1.39176,0,0,0,0,0,0,0,0.00014847,0.00014847,0.00014847
17,8220.18,1.19069,2.13604,1.38411,0,0,0,0,0,0,0,0.000138768,0.000138768,0.000138768
18,8744.03,1.17619,2.08355,1.37339,0,0,0,0,0,0,0,0.000129066,0.000129066,0.000129066
19,9272.08,1.16444,2.03211,1.36934,0,0,0,0,0,0,0,0.000119364,0.000119364,0.000119364
20,9828.13,1.1726,2.0148,1.36623,0,0,0,0,0,0,0,0.000109662,0.000109662,0.000109662
21,10339.4,1.14088,2.0518,1.38316,0,0,0,0,0,0,0,9.996e-05,9.996e-05,9.996e-05
22,10850.7,1.12145,1.97854,1.36525,0,0,0,0,0,0,0,9.0258e-05,9.0258e-05,9.0258e-05
23,11366.6,1.09695,1.906,1.34685,0,0,0,0,0,0,0,8.0556e-05,8.0556e-05,8.0556e-05
24,11865.2,1.09187,1.85926,1.34757,0,0,0,0,0,0,0,7.0854e-05,7.0854e-05,7.0854e-05
25,12376.6,1.09041,1.8269,1.33792,0,0,0,0,0,0,0,6.1152e-05,6.1152e-05,6.1152e-05
26,12889.4,1.07247,1.79418,1.32457,0,0,0,0,0,0,0,5.145e-05,5.145e-05,5.145e-05
27,13467.2,1.06556,1.75502,1.32377,0,0,0,0,0,0,0,4.1748e-05,4.1748e-05,4.1748e-05
28,14053.4,1.06884,1.73123,1.32488,0,0,0,0,0,0,0,3.2046e-05,3.2046e-05,3.2046e-05
29,14510.8,1.05663,1.71875,1.31779,0,0,0,0,0,0,0,2.2344e-05,2.2344e-05,2.2344e-05
30,15014.6,1.04608,1.69633,1.30447,0.4856,0.52421,0.51022,0.35779,1.22465,1.86984,1.41108,1.2642e-05,1.2642e-05,1.2642e-05
